School Name,Borough,Student Enrollment,Percent Tested,SAT Section,Score
A. Philip Randolph Campus High School,Manhattan,1354,74.00%,Math,459
A. Philip Randolph Campus High School,Manhattan,1354,74.00%,Reading,453
A. Philip Randolph Campus High School,Manhattan,1354,74.00%,Writing,447
Abraham Lincoln High School,Brooklyn,2341,54.90%,Math,441
Abraham Lincoln High School,Brooklyn,2341,54.90%,Reading,422
Abraham Lincoln High School,Brooklyn,2341,54.90%,Writing,422
Academy for Careers in Television and Film,Queens,515,95.00%,Math,444
Academy for Careers in Television and Film,Queens,515,95.00%,Reading,458
Academy for Careers in Television and Film,Queens,515,95.00%,Writing,444
Academy for College Preparation and Career Exploration (College Board),Brooklyn,505,57.30%,Math,386
Academy for College Preparation and Career Exploration (College Board),Brooklyn,505,57.30%,Reading,397
Academy for College Preparation and Career Exploration (College Board),Brooklyn,505,57.30%,Writing,393
Academy for Conservation and the Environment,Brooklyn,308,50.80%,Math,381
Academy for Conservation and the Environment,Brooklyn,308,50.80%,Reading,397
Academy for Conservation and the Environment,Brooklyn,308,50.80%,Writing,390
Academy for Environmental Leadership,Brooklyn,340,71.30%,Math,365
Academy for Environmental Leadership,Brooklyn,340,71.30%,Reading,366
Academy for Environmental Leadership,Brooklyn,340,71.30%,Writing,348
Academy for Health Careers,Brooklyn,373,48.10%,Math,406
Academy for Health Careers,Brooklyn,373,48.10%,Reading,405
Academy for Health Careers,Brooklyn,373,48.10%,Writing,396
Academy for Language and Technology,Bronx,322,78.90%,Math,371
Academy for Language and Technology,Bronx,322,78.90%,Reading,334
Academy for Language and Technology,Bronx,322,78.90%,Writing,348
Academy for Scholarship and Entrepreneurship (College Board),Bronx,371,63.40%,Math,392
Academy for Scholarship and Entrepreneurship (College Board),Bronx,371,63.40%,Reading,408
Academy for Scholarship and Entrepreneurship (College Board),Bronx,371,63.40%,Writing,400
Academy for Social Action (College Board),Manhattan,234,54.00%,Math,357
Academy for Social Action (College Board),Manhattan,234,54.00%,Reading,349
Academy for Social Action (College Board),Manhattan,234,54.00%,Writing,365
Academy for Young Writers,Brooklyn,547,81.20%,Math,382
Academy for Young Writers,Brooklyn,547,81.20%,Reading,413
Academy for Young Writers,Brooklyn,547,81.20%,Writing,391
Academy of American Studies,Queens,874,84.80%,Math,495
Academy of American Studies,Queens,874,84.80%,Reading,482
Academy of American Studies,Queens,874,84.80%,Writing,479
Academy of Finance and Enterprise,Queens,478,92.70%,Math,489
Academy of Finance and Enterprise,Queens,478,92.70%,Reading,456
Academy of Finance and Enterprise,Queens,478,92.70%,Writing,459
Academy of Hospitality and Tourism,Brooklyn,285,62.00%,Math,374
Academy of Hospitality and Tourism,Brooklyn,285,62.00%,Reading,385
Academy of Hospitality and Tourism,Brooklyn,285,62.00%,Writing,375
Academy of Innovative Technology,Brooklyn,413,57.40%,Math,395
Academy of Innovative Technology,Brooklyn,413,57.40%,Reading,376
Academy of Innovative Technology,Brooklyn,413,57.40%,Writing,359
Academy of Medical Technology (College Board),Queens,637,67.60%,Math,422
Academy of Medical Technology (College Board),Queens,637,67.60%,Reading,424
Academy of Medical Technology (College Board),Queens,637,67.60%,Writing,415
Academy of Urban Planning,Brooklyn,279,41.90%,Math,392
Academy of Urban Planning,Brooklyn,279,41.90%,Reading,374
Academy of Urban Planning,Brooklyn,279,41.90%,Writing,379
ACORN Community High School,Brooklyn,504,61.30%,Math,379
ACORN Community High School,Brooklyn,504,61.30%,Reading,395
ACORN Community High School,Brooklyn,504,61.30%,Writing,385
Alfred E. Smith Career and Technical Education High School,Bronx,375,29.80%,Math,390
Alfred E. Smith Career and Technical Education High School,Bronx,375,29.80%,Reading,373
Alfred E. Smith Career and Technical Education High School,Bronx,375,29.80%,Writing,371
All City Leadership Secondary School,Brooklyn,358,85.00%,Math,467
All City Leadership Secondary School,Brooklyn,358,85.00%,Reading,446
All City Leadership Secondary School,Brooklyn,358,85.00%,Writing,448
Antonia Pantoja Preparatory Academy (College Board),Bronx,450,44.90%,Math,435
Antonia Pantoja Preparatory Academy (College Board),Bronx,450,44.90%,Reading,415
Antonia Pantoja Preparatory Academy (College Board),Bronx,450,44.90%,Writing,423
"Archimedes Academy for Math, Science, and Technology Applications",Bronx,637,51.20%,Math,418
"Archimedes Academy for Math, Science, and Technology Applications",Bronx,637,51.20%,Reading,430
"Archimedes Academy for Math, Science, and Technology Applications",Bronx,637,51.20%,Writing,403
Art and Design High School,Manhattan,1476,70.10%,Math,455
Art and Design High School,Manhattan,1476,70.10%,Reading,475
Art and Design High School,Manhattan,1476,70.10%,Writing,458
Arts and Media Preparatory Academy,Brooklyn,279,64.20%,Math,370
Arts and Media Preparatory Academy,Brooklyn,279,64.20%,Reading,383
Arts and Media Preparatory Academy,Brooklyn,279,64.20%,Writing,374
Astor Collegiate Academy,Bronx,476,57.90%,Math,422
Astor Collegiate Academy,Bronx,476,57.90%,Reading,417
Astor Collegiate Academy,Bronx,476,57.90%,Writing,409
August Martin High School,Queens,679,26.30%,Math,366
August Martin High School,Queens,679,26.30%,Reading,372
August Martin High School,Queens,679,26.30%,Writing,364
Automotive High School,Brooklyn,383,31.60%,Math,367
Automotive High School,Brooklyn,383,31.60%,Reading,381
Automotive High School,Brooklyn,383,31.60%,Writing,328
Aviation Career and Technical Education High School,Queens,2168,78.60%,Math,511
Aviation Career and Technical Education High School,Queens,2168,78.60%,Reading,464
Aviation Career and Technical Education High School,Queens,2168,78.60%,Writing,456
Baccalaureate School for Global Education,Queens,478,98.50%,Math,633
Baccalaureate School for Global Education,Queens,478,98.50%,Reading,620
Baccalaureate School for Global Education,Queens,478,98.50%,Writing,628
Banana Kelly High School,Bronx,325,25.70%,Math,378
Banana Kelly High School,Bronx,325,25.70%,Reading,391
Banana Kelly High School,Bronx,325,25.70%,Writing,378
Bard High School Early College,Manhattan,545,70.80%,Math,634
Bard High School Early College,Manhattan,545,70.80%,Reading,641
Bard High School Early College,Manhattan,545,70.80%,Writing,639
Bard High School Early College Queens,Queens,623,94.10%,Math,631
Bard High School Early College Queens,Queens,623,94.10%,Reading,598
Bard High School Early College Queens,Queens,623,94.10%,Writing,610
Baruch College Campus High School,Manhattan,451,94.30%,Math,592
Baruch College Campus High School,Manhattan,451,94.30%,Reading,526
Baruch College Campus High School,Manhattan,451,94.30%,Writing,531
Bayside High School,Queens,3336,76.70%,Math,523
Bayside High School,Queens,3336,76.70%,Reading,479
Bayside High School,Queens,3336,76.70%,Writing,485
Beacon High School,Manhattan,1285,82.80%,Math,583
Beacon High School,Manhattan,1285,82.80%,Reading,586
Beacon High School,Manhattan,1285,82.80%,Writing,595
Bedford Academy High School,Brooklyn,364,96.20%,Math,505
Bedford Academy High School,Brooklyn,364,96.20%,Reading,464
Bedford Academy High School,Brooklyn,364,96.20%,Writing,456
Belmont Preparatory High School,Bronx,416,55.30%,Math,413
Belmont Preparatory High School,Bronx,416,55.30%,Reading,408
Belmont Preparatory High School,Bronx,416,55.30%,Writing,402
Benjamin Banneker Academy,Brooklyn,916,85.50%,Math,479
Benjamin Banneker Academy,Brooklyn,916,85.50%,Reading,484
Benjamin Banneker Academy,Brooklyn,916,85.50%,Writing,472
Benjamin N. Cardozo High School,Queens,3505,75.60%,Math,563
Benjamin N. Cardozo High School,Queens,3505,75.60%,Reading,505
Benjamin N. Cardozo High School,Queens,3505,75.60%,Writing,510
Boys and Girls High School,Brooklyn,648,35.60%,Math,399
Boys and Girls High School,Brooklyn,648,35.60%,Reading,392
Boys and Girls High School,Brooklyn,648,35.60%,Writing,394
Bronx Academy of Health Careers,Bronx,465,59.40%,Math,386
Bronx Academy of Health Careers,Bronx,465,59.40%,Reading,380
Bronx Academy of Health Careers,Bronx,465,59.40%,Writing,391
Bronx Aerospace High School,Bronx,431,50.50%,Math,403
Bronx Aerospace High School,Bronx,431,50.50%,Reading,410
Bronx Aerospace High School,Bronx,431,50.50%,Writing,393
Bronx Career and College Preparatory High School,Bronx,333,40.70%,Math,370
Bronx Career and College Preparatory High School,Bronx,333,40.70%,Reading,379
Bronx Career and College Preparatory High School,Bronx,333,40.70%,Writing,381
Bronx Center for Science and Mathematics,Bronx,457,73.90%,Math,513
Bronx Center for Science and Mathematics,Bronx,457,73.90%,Reading,468
Bronx Center for Science and Mathematics,Bronx,457,73.90%,Writing,485
Bronx Collegiate Academy,Bronx,382,45.50%,Math,395
Bronx Collegiate Academy,Bronx,382,45.50%,Reading,401
Bronx Collegiate Academy,Bronx,382,45.50%,Writing,382
Bronx Early College Academy for Teaching and Learning,Bronx,503,93.30%,Math,424
Bronx Early College Academy for Teaching and Learning,Bronx,503,93.30%,Reading,413
Bronx Early College Academy for Teaching and Learning,Bronx,503,93.30%,Writing,409
Bronx Engineering and Technology Academy,Bronx,417,59.60%,Math,394
Bronx Engineering and Technology Academy,Bronx,417,59.60%,Reading,406
Bronx Engineering and Technology Academy,Bronx,417,59.60%,Writing,391
Bronx Envision Academy,Bronx,355,76.50%,Math,364
Bronx Envision Academy,Bronx,355,76.50%,Reading,385
Bronx Envision Academy,Bronx,355,76.50%,Writing,366
Bronx Guild,Bronx,326,41.30%,Math,365
Bronx Guild,Bronx,326,41.30%,Reading,393
Bronx Guild,Bronx,326,41.30%,Writing,357
Bronx Health Sciences High School,Bronx,374,87.10%,Math,407
Bronx Health Sciences High School,Bronx,374,87.10%,Reading,421
Bronx Health Sciences High School,Bronx,374,87.10%,Writing,427
Bronx High School for Law and Community Service,Bronx,398,64.80%,Math,401
Bronx High School for Law and Community Service,Bronx,398,64.80%,Reading,402
Bronx High School for Law and Community Service,Bronx,398,64.80%,Writing,386
Bronx High School for Medical Science,Bronx,472,83.90%,Math,431
Bronx High School for Medical Science,Bronx,472,83.90%,Reading,421
Bronx High School for Medical Science,Bronx,472,83.90%,Writing,426
Bronx High School for the Visual Arts,Bronx,483,32.50%,Math,408
Bronx High School for the Visual Arts,Bronx,483,32.50%,Reading,428
Bronx High School for the Visual Arts,Bronx,483,32.50%,Writing,404
Bronx High School for Writing and Communication Arts,Bronx,389,38.10%,Math,380
Bronx High School for Writing and Communication Arts,Bronx,389,38.10%,Reading,437
Bronx High School for Writing and Communication Arts,Bronx,389,38.10%,Writing,425
Bronx High School of Business,Bronx,339,33.30%,Math,365
Bronx High School of Business,Bronx,339,33.30%,Reading,360
Bronx High School of Business,Bronx,339,33.30%,Writing,346
Bronx High School of Science,Bronx,3015,97.00%,Math,714
Bronx High School of Science,Bronx,3015,97.00%,Reading,660
Bronx High School of Science,Bronx,3015,97.00%,Writing,667
Bronx International High School,Bronx,409,59.10%,Math,355
Bronx International High School,Bronx,409,59.10%,Reading,330
Bronx International High School,Bronx,409,59.10%,Writing,320
Bronx Lab School,Bronx,471,77.40%,Math,407
Bronx Lab School,Bronx,471,77.40%,Reading,416
Bronx Lab School,Bronx,471,77.40%,Writing,401
Bronx Latin,Bronx,546,81.00%,Math,394
Bronx Latin,Bronx,546,81.00%,Reading,381
Bronx Latin,Bronx,546,81.00%,Writing,363
Bronx Leadership Academy High School,Bronx,686,49.10%,Math,375
Bronx Leadership Academy High School,Bronx,686,49.10%,Reading,372
Bronx Leadership Academy High School,Bronx,686,49.10%,Writing,374
Bronx Leadership Academy II High School,Bronx,495,61.30%,Math,384
Bronx Leadership Academy II High School,Bronx,495,61.30%,Reading,355
Bronx Leadership Academy II High School,Bronx,495,61.30%,Writing,361
"Bronx School for Law, Government, and Justice",Bronx,778,63.80%,Math,403
"Bronx School for Law, Government, and Justice",Bronx,778,63.80%,Reading,409
"Bronx School for Law, Government, and Justice",Bronx,778,63.80%,Writing,415
Bronx School of Law and Finance,Bronx,426,48.30%,Math,384
Bronx School of Law and Finance,Bronx,426,48.30%,Reading,394
Bronx School of Law and Finance,Bronx,426,48.30%,Writing,366
Bronx Studio School for Writers and Artists,Bronx,565,71.60%,Math,417
Bronx Studio School for Writers and Artists,Bronx,565,71.60%,Reading,412
Bronx Studio School for Writers and Artists,Bronx,565,71.60%,Writing,403
Bronx Theatre High School,Bronx,428,66.70%,Math,382
Bronx Theatre High School,Bronx,428,66.70%,Reading,384
Bronx Theatre High School,Bronx,428,66.70%,Writing,390
Bronxdale High School,Bronx,427,72.50%,Math,418
Bronxdale High School,Bronx,427,72.50%,Reading,432
Bronxdale High School,Bronx,427,72.50%,Writing,436
Bronxwood Preparatory Academy,Bronx,423,43.30%,Math,392
Bronxwood Preparatory Academy,Bronx,423,43.30%,Reading,408
Bronxwood Preparatory Academy,Bronx,423,43.30%,Writing,392
Brooklyn Academy of Global Finance,Brooklyn,152,45.90%,Math,395
Brooklyn Academy of Global Finance,Brooklyn,152,45.90%,Reading,382
Brooklyn Academy of Global Finance,Brooklyn,152,45.90%,Writing,391
Brooklyn Academy of Science and the Environment,Brooklyn,453,58.50%,Math,419
Brooklyn Academy of Science and the Environment,Brooklyn,453,58.50%,Reading,411
Brooklyn Academy of Science and the Environment,Brooklyn,453,58.50%,Writing,416
Brooklyn College Academy,Brooklyn,605,98.10%,Math,502
Brooklyn College Academy,Brooklyn,605,98.10%,Reading,495
Brooklyn College Academy,Brooklyn,605,98.10%,Writing,493
Brooklyn Collegiate (College Board),Brooklyn,353,64.40%,Math,394
Brooklyn Collegiate (College Board),Brooklyn,353,64.40%,Reading,395
Brooklyn Collegiate (College Board),Brooklyn,353,64.40%,Writing,399
"Brooklyn Community High School of Communication, Arts, and Media",Brooklyn,404,51.70%,Math,358
"Brooklyn Community High School of Communication, Arts, and Media",Brooklyn,404,51.70%,Reading,386
"Brooklyn Community High School of Communication, Arts, and Media",Brooklyn,404,51.70%,Writing,380
Brooklyn Generation School,Brooklyn,286,50.00%,Math,392
Brooklyn Generation School,Brooklyn,286,50.00%,Reading,406
Brooklyn Generation School,Brooklyn,286,50.00%,Writing,403
Brooklyn High School for Law and Technology,Brooklyn,596,62.70%,Math,395
Brooklyn High School for Law and Technology,Brooklyn,596,62.70%,Reading,401
Brooklyn High School for Law and Technology,Brooklyn,596,62.70%,Writing,383
Brooklyn High School of the Arts,Brooklyn,870,80.60%,Math,439
Brooklyn High School of the Arts,Brooklyn,870,80.60%,Reading,441
Brooklyn High School of the Arts,Brooklyn,870,80.60%,Writing,436
Brooklyn International High School,Brooklyn,345,92.70%,Math,432
Brooklyn International High School,Brooklyn,345,92.70%,Reading,334
Brooklyn International High School,Brooklyn,345,92.70%,Writing,333
Brooklyn Lab School,Brooklyn,334,46.80%,Math,383
Brooklyn Lab School,Brooklyn,334,46.80%,Reading,376
Brooklyn Lab School,Brooklyn,334,46.80%,Writing,370
Brooklyn Latin School,Brooklyn,676,97.50%,Math,625
Brooklyn Latin School,Brooklyn,676,97.50%,Reading,588
Brooklyn Latin School,Brooklyn,676,97.50%,Writing,591
Brooklyn Preparatory High School,Brooklyn,494,74.50%,Math,391
Brooklyn Preparatory High School,Brooklyn,494,74.50%,Reading,406
Brooklyn Preparatory High School,Brooklyn,494,74.50%,Writing,391
Brooklyn School for Global Studies,Brooklyn,250,61.80%,Math,393
Brooklyn School for Global Studies,Brooklyn,250,61.80%,Reading,381
Brooklyn School for Global Studies,Brooklyn,250,61.80%,Writing,402
Brooklyn School for Music and Theatre,Brooklyn,386,72.20%,Math,382
Brooklyn School for Music and Theatre,Brooklyn,386,72.20%,Reading,393
Brooklyn School for Music and Theatre,Brooklyn,386,72.20%,Writing,377
Brooklyn Secondary School for Collaborative Studies,Brooklyn,685,84.10%,Math,401
Brooklyn Secondary School for Collaborative Studies,Brooklyn,685,84.10%,Reading,411
Brooklyn Secondary School for Collaborative Studies,Brooklyn,685,84.10%,Writing,404
Brooklyn Studio Secondary School,Brooklyn,901,67.80%,Math,458
Brooklyn Studio Secondary School,Brooklyn,901,67.80%,Reading,434
Brooklyn Studio Secondary School,Brooklyn,901,67.80%,Writing,434
Brooklyn Technical High School,Brooklyn,5447,95.50%,Math,682
Brooklyn Technical High School,Brooklyn,5447,95.50%,Reading,608
Brooklyn Technical High School,Brooklyn,5447,95.50%,Writing,606
Brooklyn Theatre Arts High School,Brooklyn,395,69.10%,Math,379
Brooklyn Theatre Arts High School,Brooklyn,395,69.10%,Reading,393
Brooklyn Theatre Arts High School,Brooklyn,395,69.10%,Writing,373
Bushwick Leaders High School for Academic Excellence,Brooklyn,317,46.80%,Math,393
Bushwick Leaders High School for Academic Excellence,Brooklyn,317,46.80%,Reading,368
Bushwick Leaders High School for Academic Excellence,Brooklyn,317,46.80%,Writing,382
Bushwick School for Social Justice,Brooklyn,405,50.00%,Math,365
Bushwick School for Social Justice,Brooklyn,405,50.00%,Reading,357
Bushwick School for Social Justice,Brooklyn,405,50.00%,Writing,357
Business of Sports School,Manhattan,449,67.50%,Math,395
Business of Sports School,Manhattan,449,67.50%,Reading,386
Business of Sports School,Manhattan,449,67.50%,Writing,371
Cambria Heights Academy,Queens,372,58.50%,Math,418
Cambria Heights Academy,Queens,372,58.50%,Reading,424
Cambria Heights Academy,Queens,372,58.50%,Writing,411
Celia Cruz Bronx High School of Music,Bronx,430,75.60%,Math,417
Celia Cruz Bronx High School of Music,Bronx,430,75.60%,Reading,434
Celia Cruz Bronx High School of Music,Bronx,430,75.60%,Writing,425
Central Park East High School,Manhattan,466,97.90%,Math,483
Central Park East High School,Manhattan,466,97.90%,Reading,468
Central Park East High School,Manhattan,466,97.90%,Writing,439
Channel View School for Research,Queens,683,76.60%,Math,427
Channel View School for Research,Queens,683,76.60%,Reading,430
Channel View School for Research,Queens,683,76.60%,Writing,423
Chelsea Career and Technical Education High School,Manhattan,439,80.40%,Math,439
Chelsea Career and Technical Education High School,Manhattan,439,80.40%,Reading,418
Chelsea Career and Technical Education High School,Manhattan,439,80.40%,Writing,400
Cinema School,Bronx,338,88.30%,Math,430
Cinema School,Bronx,338,88.30%,Reading,449
Cinema School,Bronx,338,88.30%,Writing,448
City College Academy of the Arts,Manhattan,587,95.30%,Math,495
City College Academy of the Arts,Manhattan,587,95.30%,Reading,445
City College Academy of the Arts,Manhattan,587,95.30%,Writing,450
"City Polytechnic High School of Engineering, Architecture, and Technology",Brooklyn,458,18.50%,Math,503
"City Polytechnic High School of Engineering, Architecture, and Technology",Brooklyn,458,18.50%,Reading,477
"City Polytechnic High School of Engineering, Architecture, and Technology",Brooklyn,458,18.50%,Writing,427
Civic Leadership Academy,Queens,479,68.90%,Math,435
Civic Leadership Academy,Queens,479,68.90%,Reading,424
Civic Leadership Academy,Queens,479,68.90%,Writing,418
Clara Barton High School,Brooklyn,1499,55.00%,Math,408
Clara Barton High School,Brooklyn,1499,55.00%,Reading,424
Clara Barton High School,Brooklyn,1499,55.00%,Writing,407
Coalition School for Social Change,Manhattan,283,40.50%,Math,344
Coalition School for Social Change,Manhattan,283,40.50%,Reading,368
Coalition School for Social Change,Manhattan,283,40.50%,Writing,367
Cobble Hill School of American Studies,Brooklyn,596,55.30%,Math,416
Cobble Hill School of American Studies,Brooklyn,596,55.30%,Reading,420
Cobble Hill School of American Studies,Brooklyn,596,55.30%,Writing,402
College Academy,Manhattan,491,41.90%,Math,367
College Academy,Manhattan,491,41.90%,Reading,377
College Academy,Manhattan,491,41.90%,Writing,363
Collegiate Institute for Math and Science,Bronx,687,79.80%,Math,488
Collegiate Institute for Math and Science,Bronx,687,79.80%,Reading,461
Collegiate Institute for Math and Science,Bronx,687,79.80%,Writing,458
Columbia Secondary School,Manhattan,659,88.20%,Math,583
Columbia Secondary School,Manhattan,659,88.20%,Reading,561
Columbia Secondary School,Manhattan,659,88.20%,Writing,546
Community Health Academy of the Heights,Manhattan,629,55.30%,Math,387
Community Health Academy of the Heights,Manhattan,629,55.30%,Reading,389
Community Health Academy of the Heights,Manhattan,629,55.30%,Writing,385
Community School for Social Justice,Bronx,324,38.40%,Math,380
Community School for Social Justice,Bronx,324,38.40%,Reading,382
Community School for Social Justice,Bronx,324,38.40%,Writing,362
CSI High School for International Studies,Staten Island,520,83.50%,Math,477
CSI High School for International Studies,Staten Island,520,83.50%,Reading,468
CSI High School for International Studies,Staten Island,520,83.50%,Writing,464
Cultural Academy for the Arts and Sciences,Brooklyn,353,57.30%,Math,382
Cultural Academy for the Arts and Sciences,Brooklyn,353,57.30%,Reading,395
Cultural Academy for the Arts and Sciences,Brooklyn,353,57.30%,Writing,384
Curtis High School,Staten Island,2499,64.20%,Math,453
Curtis High School,Staten Island,2499,64.20%,Reading,458
Curtis High School,Staten Island,2499,64.20%,Writing,444
Cypress Hills Collegiate Preparatory School,Brooklyn,330,53.80%,Math,365
Cypress Hills Collegiate Preparatory School,Brooklyn,330,53.80%,Reading,370
Cypress Hills Collegiate Preparatory School,Brooklyn,330,53.80%,Writing,362
DeWitt Clinton High School,Bronx,2109,31.80%,Math,445
DeWitt Clinton High School,Bronx,2109,31.80%,Reading,436
DeWitt Clinton High School,Bronx,2109,31.80%,Writing,433
Discovery High School,Bronx,530,39.90%,Math,432
Discovery High School,Bronx,530,39.90%,Reading,396
Discovery High School,Bronx,530,39.90%,Writing,395
Dr. Susan S. McKinney Secondary School of the Arts,Brooklyn,421,55.10%,Math,332
Dr. Susan S. McKinney Secondary School of the Arts,Brooklyn,421,55.10%,Reading,346
Dr. Susan S. McKinney Secondary School of the Arts,Brooklyn,421,55.10%,Writing,350
DreamYard Preparatory School,Bronx,336,51.10%,Math,385
DreamYard Preparatory School,Bronx,336,51.10%,Reading,385
DreamYard Preparatory School,Bronx,336,51.10%,Writing,388
Eagle Academy for Young Men,Bronx,608,65.70%,Math,398
Eagle Academy for Young Men,Bronx,608,65.70%,Reading,410
Eagle Academy for Young Men,Bronx,608,65.70%,Writing,397
East Bronx Academy for the Future,Bronx,618,41.10%,Math,418
East Bronx Academy for the Future,Bronx,618,41.10%,Reading,406
East Bronx Academy for the Future,Bronx,618,41.10%,Writing,408
East New York Family Academy,Brooklyn,479,66.70%,Math,464
East New York Family Academy,Brooklyn,479,66.70%,Reading,451
East New York Family Academy,Brooklyn,479,66.70%,Writing,421
East Side Community School,Manhattan,666,85.20%,Math,454
East Side Community School,Manhattan,666,85.20%,Reading,428
East Side Community School,Manhattan,666,85.20%,Writing,445
East-West School of International Studies,Queens,666,89.40%,Math,521
East-West School of International Studies,Queens,666,89.40%,Reading,457
East-West School of International Studies,Queens,666,89.40%,Writing,451
EBC High School for Public Service in Bushwick,Brooklyn,514,50.00%,Math,389
EBC High School for Public Service in Bushwick,Brooklyn,514,50.00%,Reading,374
EBC High School for Public Service in Bushwick,Brooklyn,514,50.00%,Writing,378
Edward R. Murrow High School,Brooklyn,3968,75.20%,Math,500
Edward R. Murrow High School,Brooklyn,3968,75.20%,Reading,479
Edward R. Murrow High School,Brooklyn,3968,75.20%,Writing,472
El Puente Academy for Peace and Justice,Brooklyn,245,62.50%,Math,344
El Puente Academy for Peace and Justice,Brooklyn,245,62.50%,Reading,380
El Puente Academy for Peace and Justice,Brooklyn,245,62.50%,Writing,379
Eleanor Roosevelt High School,Manhattan,541,86.00%,Math,641
Eleanor Roosevelt High School,Manhattan,541,86.00%,Reading,617
Eleanor Roosevelt High School,Manhattan,541,86.00%,Writing,631
Essex Street Academy,Manhattan,358,78.90%,Math,395
Essex Street Academy,Manhattan,358,78.90%,Reading,411
Essex Street Academy,Manhattan,358,78.90%,Writing,387
Excelsior Preparatory High School,Queens,491,70.10%,Math,384
Excelsior Preparatory High School,Queens,491,70.10%,Reading,407
Excelsior Preparatory High School,Queens,491,70.10%,Writing,400
Eximius College Preparatory Academy (College Board),Bronx,449,78.20%,Math,400
Eximius College Preparatory Academy (College Board),Bronx,449,78.20%,Reading,391
Eximius College Preparatory Academy (College Board),Bronx,449,78.20%,Writing,397
Expeditionary Learning School for Community Leaders,Brooklyn,271,75.00%,Math,420
Expeditionary Learning School for Community Leaders,Brooklyn,271,75.00%,Reading,396
Expeditionary Learning School for Community Leaders,Brooklyn,271,75.00%,Writing,396
Explorations Academy,Bronx,358,43.00%,Math,377
Explorations Academy,Bronx,358,43.00%,Reading,372
Explorations Academy,Bronx,358,43.00%,Writing,365
Facing History School,Manhattan,406,57.30%,Math,366
Facing History School,Manhattan,406,57.30%,Reading,356
Facing History School,Manhattan,406,57.30%,Writing,371
Fannie Lou Hamer Freedom High School,Bronx,470,75.00%,Math,345
Fannie Lou Hamer Freedom High School,Bronx,470,75.00%,Reading,347
Fannie Lou Hamer Freedom High School,Bronx,470,75.00%,Writing,339
FDNY High School for Fire and Life Safety,Brooklyn,324,47.70%,Math,365
FDNY High School for Fire and Life Safety,Brooklyn,324,47.70%,Reading,369
FDNY High School for Fire and Life Safety,Brooklyn,324,47.70%,Writing,357
Felisa Rincon de Gautier Institute for Law and Public Policy,Bronx,307,31.30%,Math,389
Felisa Rincon de Gautier Institute for Law and Public Policy,Bronx,307,31.30%,Reading,408
Felisa Rincon de Gautier Institute for Law and Public Policy,Bronx,307,31.30%,Writing,413
Fiorello H. LaGuardia High School of Music and Art and Performing Arts,Manhattan,2635,88.50%,Math,592
Fiorello H. LaGuardia High School of Music and Art and Performing Arts,Manhattan,2635,88.50%,Reading,592
Fiorello H. LaGuardia High School of Music and Art and Performing Arts,Manhattan,2635,88.50%,Writing,597
Flushing High School,Queens,2186,46.10%,Math,444
Flushing High School,Queens,2186,46.10%,Reading,407
Flushing High School,Queens,2186,46.10%,Writing,405
Flushing International High School,Queens,437,67.70%,Math,481
Flushing International High School,Queens,437,67.70%,Reading,323
Flushing International High School,Queens,437,67.70%,Writing,323
Food and Finance High School,Manhattan,427,52.00%,Math,428
Food and Finance High School,Manhattan,427,52.00%,Reading,435
Food and Finance High School,Manhattan,427,52.00%,Writing,421
Fordham High School for the Arts,Bronx,401,56.20%,Math,398
Fordham High School for the Arts,Bronx,401,56.20%,Reading,404
Fordham High School for the Arts,Bronx,401,56.20%,Writing,412
Fordham Leadership Academy for Business and Technology,Bronx,438,44.30%,Math,355
Fordham Leadership Academy for Business and Technology,Bronx,438,44.30%,Reading,373
Fordham Leadership Academy for Business and Technology,Bronx,438,44.30%,Writing,368
Forest Hills High School,Queens,3840,72.80%,Math,517
Forest Hills High School,Queens,3840,72.80%,Reading,485
Forest Hills High School,Queens,3840,72.80%,Writing,483
Fort Hamilton High School,Brooklyn,4372,68.70%,Math,513
Fort Hamilton High School,Brooklyn,4372,68.70%,Reading,456
Fort Hamilton High School,Brooklyn,4372,68.70%,Writing,451
Frances Perkins Academy,Brooklyn,142,46.30%,Math,399
Frances Perkins Academy,Brooklyn,142,46.30%,Reading,413
Frances Perkins Academy,Brooklyn,142,46.30%,Writing,400
Francis Lewis High School,Queens,4172,80.70%,Math,562
Francis Lewis High School,Queens,4172,80.70%,Reading,483
Francis Lewis High School,Queens,4172,80.70%,Writing,485
Frank McCourt High School,Manhattan,387,89.10%,Math,489
Frank McCourt High School,Manhattan,387,89.10%,Reading,491
Frank McCourt High School,Manhattan,387,89.10%,Writing,500
Frank Sinatra School of the Arts High School,Queens,808,89.50%,Math,536
Frank Sinatra School of the Arts High School,Queens,808,89.50%,Reading,543
Frank Sinatra School of the Arts High School,Queens,808,89.50%,Writing,543
Franklin Delano Roosevelt High School,Brooklyn,3220,54.00%,Math,504
Franklin Delano Roosevelt High School,Brooklyn,3220,54.00%,Reading,411
Franklin Delano Roosevelt High School,Brooklyn,3220,54.00%,Writing,407
Frederick Douglass Academy,Manhattan,1428,65.10%,Math,463
Frederick Douglass Academy,Manhattan,1428,65.10%,Reading,452
Frederick Douglass Academy,Manhattan,1428,65.10%,Writing,450
Frederick Douglass Academy II Secondary School,Manhattan,411,63.80%,Math,390
Frederick Douglass Academy II Secondary School,Manhattan,411,63.80%,Reading,384
Frederick Douglass Academy II Secondary School,Manhattan,411,63.80%,Writing,373
Frederick Douglass Academy III Secondary School,Bronx,427,50.50%,Math,387
Frederick Douglass Academy III Secondary School,Bronx,427,50.50%,Reading,386
Frederick Douglass Academy III Secondary School,Bronx,427,50.50%,Writing,386
Frederick Douglass Academy VI High School,Queens,409,30.10%,Math,410
Frederick Douglass Academy VI High School,Queens,409,30.10%,Reading,418
Frederick Douglass Academy VI High School,Queens,409,30.10%,Writing,407
Frederick Douglass Academy VII High School,Brooklyn,319,65.40%,Math,400
Frederick Douglass Academy VII High School,Brooklyn,319,65.40%,Reading,407
Frederick Douglass Academy VII High School,Brooklyn,319,65.40%,Writing,394
Gaynor McCown Expeditionary Learning School,Staten Island,479,55.80%,Math,442
Gaynor McCown Expeditionary Learning School,Staten Island,479,55.80%,Reading,458
Gaynor McCown Expeditionary Learning School,Staten Island,479,55.80%,Writing,454
George Washington Carver High School for the Sciences,Queens,509,63.50%,Math,439
George Washington Carver High School for the Sciences,Queens,509,63.50%,Reading,428
George Washington Carver High School for the Sciences,Queens,509,63.50%,Writing,419
George Westinghouse Career and Technical Education High School,Brooklyn,634,45.30%,Math,394
George Westinghouse Career and Technical Education High School,Brooklyn,634,45.30%,Reading,422
George Westinghouse Career and Technical Education High School,Brooklyn,634,45.30%,Writing,400
Global Learning Collaborative,Manhattan,496,59.40%,Math,406
Global Learning Collaborative,Manhattan,496,59.40%,Reading,407
Global Learning Collaborative,Manhattan,496,59.40%,Writing,413
Gotham Professional Arts Academy,Brooklyn,226,50.70%,Math,377
Gotham Professional Arts Academy,Brooklyn,226,50.70%,Reading,396
Gotham Professional Arts Academy,Brooklyn,226,50.70%,Writing,386
Gramercy Arts High School,Manhattan,530,79.60%,Math,446
Gramercy Arts High School,Manhattan,530,79.60%,Reading,459
Gramercy Arts High School,Manhattan,530,79.60%,Writing,455
Green School: An Academy for Environmental Careers,Brooklyn,276,41.10%,Math,384
Green School: An Academy for Environmental Careers,Brooklyn,276,41.10%,Reading,398
Green School: An Academy for Environmental Careers,Brooklyn,276,41.10%,Writing,399
Gregorio Luperon High School for Science and Mathematics,Manhattan,504,71.00%,Math,383
Gregorio Luperon High School for Science and Mathematics,Manhattan,504,71.00%,Reading,355
Gregorio Luperon High School for Science and Mathematics,Manhattan,504,71.00%,Writing,352
Grover Cleveland High School,Queens,1828,38.90%,Math,452
Grover Cleveland High School,Queens,1828,38.90%,Reading,422
Grover Cleveland High School,Queens,1828,38.90%,Writing,416
Harry S. Truman High School,Bronx,2058,41.50%,Math,400
Harry S. Truman High School,Bronx,2058,41.50%,Reading,401
Harry S. Truman High School,Bronx,2058,41.50%,Writing,391
Health Opportunities High School,Bronx,554,57.90%,Math,374
Health Opportunities High School,Bronx,554,57.90%,Reading,386
Health Opportunities High School,Bronx,554,57.90%,Writing,382
Henry Street School for International Studies,Manhattan,255,59.70%,Math,410
Henry Street School for International Studies,Manhattan,255,59.70%,Reading,406
Henry Street School for International Studies,Manhattan,255,59.70%,Writing,381
Herbert H. Lehman High School,Bronx,1535,28.90%,Math,426
Herbert H. Lehman High School,Bronx,1535,28.90%,Reading,419
Herbert H. Lehman High School,Bronx,1535,28.90%,Writing,407
Heritage School,Manhattan,322,56.80%,Math,385
Heritage School,Manhattan,322,56.80%,Reading,380
Heritage School,Manhattan,322,56.80%,Writing,370
High School for Arts and Business,Queens,870,76.70%,Math,413
High School for Arts and Business,Queens,870,76.70%,Reading,405
High School for Arts and Business,Queens,870,76.70%,Writing,393
"High School for Arts, Imagination, and Inquiry",Manhattan,447,58.80%,Math,375
"High School for Arts, Imagination, and Inquiry",Manhattan,447,58.80%,Reading,389
"High School for Arts, Imagination, and Inquiry",Manhattan,447,58.80%,Writing,380
High School for Civil Rights,Brooklyn,319,26.40%,Math,391
High School for Civil Rights,Brooklyn,319,26.40%,Reading,373
High School for Civil Rights,Brooklyn,319,26.40%,Writing,376
High School for Community Leadership,Queens,418,72.30%,Math,415
High School for Community Leadership,Queens,418,72.30%,Reading,392
High School for Community Leadership,Queens,418,72.30%,Writing,386
"High School for Construction Trades, Engineering, and Architecture",Queens,959,78.90%,Math,489
"High School for Construction Trades, Engineering, and Architecture",Queens,959,78.90%,Reading,457
"High School for Construction Trades, Engineering, and Architecture",Queens,959,78.90%,Writing,451
High School for Contemporary Arts,Bronx,493,41.00%,Math,367
High School for Contemporary Arts,Bronx,493,41.00%,Reading,381
High School for Contemporary Arts,Bronx,493,41.00%,Writing,361
High School for Dual Language and Asian Studies,Manhattan,416,95.90%,Math,613
High School for Dual Language and Asian Studies,Manhattan,416,95.90%,Reading,453
High School for Dual Language and Asian Studies,Manhattan,416,95.90%,Writing,463
"High School for Enterprise, Business, and Technology",Brooklyn,1001,54.50%,Math,463
"High School for Enterprise, Business, and Technology",Brooklyn,1001,54.50%,Reading,446
"High School for Enterprise, Business, and Technology",Brooklyn,1001,54.50%,Writing,425
High School for Environmental Studies,Manhattan,1301,74.00%,Math,469
High School for Environmental Studies,Manhattan,1301,74.00%,Reading,454
High School for Environmental Studies,Manhattan,1301,74.00%,Writing,444
High School for Global Citizenship,Brooklyn,246,61.90%,Math,377
High School for Global Citizenship,Brooklyn,246,61.90%,Reading,386
High School for Global Citizenship,Brooklyn,246,61.90%,Writing,375
High School for Health Careers and Sciences,Manhattan,605,56.20%,Math,374
High School for Health Careers and Sciences,Manhattan,605,56.20%,Reading,385
High School for Health Careers and Sciences,Manhattan,605,56.20%,Writing,389
High School for Health Professions and Human Services,Manhattan,1664,86.90%,Math,452
High School for Health Professions and Human Services,Manhattan,1664,86.90%,Reading,445
High School for Health Professions and Human Services,Manhattan,1664,86.90%,Writing,430
High School for Innovation in Advertising and Media,Brooklyn,303,59.10%,Math,390
High School for Innovation in Advertising and Media,Brooklyn,303,59.10%,Reading,410
High School for Innovation in Advertising and Media,Brooklyn,303,59.10%,Writing,397
High School for Language and Diplomacy,Manhattan,437,70.20%,Math,446
High School for Language and Diplomacy,Manhattan,437,70.20%,Reading,433
High School for Language and Diplomacy,Manhattan,437,70.20%,Writing,411
High School for Law and Public Service,Manhattan,671,44.10%,Math,401
High School for Law and Public Service,Manhattan,671,44.10%,Reading,394
High School for Law and Public Service,Manhattan,671,44.10%,Writing,381
High School for Law Enforcement and Public Safety,Queens,604,56.60%,Math,410
High School for Law Enforcement and Public Safety,Queens,604,56.60%,Reading,431
High School for Law Enforcement and Public Safety,Queens,604,56.60%,Writing,409
"High School for Law, Advocacy, and Community Justice",Manhattan,510,60.50%,Math,415
"High School for Law, Advocacy, and Community Justice",Manhattan,510,60.50%,Reading,417
"High School for Law, Advocacy, and Community Justice",Manhattan,510,60.50%,Writing,402
"High School for Mathematics, Science, and Engineering at City College",Manhattan,470,92.60%,Math,683
"High School for Mathematics, Science, and Engineering at City College",Manhattan,470,92.60%,Reading,610
"High School for Mathematics, Science, and Engineering at City College",Manhattan,470,92.60%,Writing,596
High School for Media and Communications,Manhattan,479,33.00%,Math,378
High School for Media and Communications,Manhattan,479,33.00%,Reading,381
High School for Media and Communications,Manhattan,479,33.00%,Writing,383
High School for Medical Professions,Brooklyn,432,60.20%,Math,404
High School for Medical Professions,Brooklyn,432,60.20%,Reading,427
High School for Medical Professions,Brooklyn,432,60.20%,Writing,424
High School for Public Service: Heroes of Tomorrow,Brooklyn,454,95.40%,Math,468
High School for Public Service: Heroes of Tomorrow,Brooklyn,454,95.40%,Reading,454
High School for Public Service: Heroes of Tomorrow,Brooklyn,454,95.40%,Writing,464
High School for Service and Learning at Erasmus,Brooklyn,445,45.50%,Math,377
High School for Service and Learning at Erasmus,Brooklyn,445,45.50%,Reading,382
High School for Service and Learning at Erasmus,Brooklyn,445,45.50%,Writing,356
High School for Teaching and the Professions,Bronx,486,46.50%,Math,372
High School for Teaching and the Professions,Bronx,486,46.50%,Reading,361
High School for Teaching and the Professions,Bronx,486,46.50%,Writing,369
High School for Violin and Dance,Bronx,384,31.30%,Math,363
High School for Violin and Dance,Bronx,384,31.30%,Reading,401
High School for Violin and Dance,Bronx,384,31.30%,Writing,396
High School for Youth and Community Development at Erasmus,Brooklyn,384,63.20%,Math,360
High School for Youth and Community Development at Erasmus,Brooklyn,384,63.20%,Reading,382
High School for Youth and Community Development at Erasmus,Brooklyn,384,63.20%,Writing,359
High School of American Studies at Lehman College,Bronx,376,91.80%,Math,669
High School of American Studies at Lehman College,Bronx,376,91.80%,Reading,672
High School of American Studies at Lehman College,Bronx,376,91.80%,Writing,672
High School of Applied Communication,Queens,421,70.90%,Math,435
High School of Applied Communication,Queens,421,70.90%,Reading,437
High School of Applied Communication,Queens,421,70.90%,Writing,441
High School of Arts and Technology,Manhattan,594,44.40%,Math,421
High School of Arts and Technology,Manhattan,594,44.40%,Reading,428
High School of Arts and Technology,Manhattan,594,44.40%,Writing,406
High School of Computers and Technology,Bronx,567,65.60%,Math,396
High School of Computers and Technology,Bronx,567,65.60%,Reading,399
High School of Computers and Technology,Bronx,567,65.60%,Writing,377
High School of Economics and Finance,Manhattan,796,66.80%,Math,469
High School of Economics and Finance,Manhattan,796,66.80%,Reading,442
High School of Economics and Finance,Manhattan,796,66.80%,Writing,447
High School of Fashion Industries,Manhattan,1770,80.60%,Math,433
High School of Fashion Industries,Manhattan,1770,80.60%,Reading,442
High School of Fashion Industries,Manhattan,1770,80.60%,Writing,427
High School of Hospitality Management,Manhattan,424,56.20%,Math,451
High School of Hospitality Management,Manhattan,424,56.20%,Reading,433
High School of Hospitality Management,Manhattan,424,56.20%,Writing,424
High School of Language and Innovation,Bronx,354,72.70%,Math,356
High School of Language and Innovation,Bronx,354,72.70%,Reading,340
High School of Language and Innovation,Bronx,354,72.70%,Writing,320
High School of Sports Management,Brooklyn,290,56.20%,Math,367
High School of Sports Management,Brooklyn,290,56.20%,Reading,374
High School of Sports Management,Brooklyn,290,56.20%,Writing,361
High School of Telecommunication Arts and Technology,Brooklyn,1329,81.60%,Math,475
High School of Telecommunication Arts and Technology,Brooklyn,1329,81.60%,Reading,440
High School of Telecommunication Arts and Technology,Brooklyn,1329,81.60%,Writing,445
High School of World Cultures,Bronx,410,38.20%,Math,356
High School of World Cultures,Bronx,410,38.20%,Reading,359
High School of World Cultures,Bronx,410,38.20%,Writing,347
Hillcrest High School,Queens,3286,51.80%,Math,448
Hillcrest High School,Queens,3286,51.80%,Reading,432
Hillcrest High School,Queens,3286,51.80%,Writing,426
Hillside Arts and Letters Academy,Queens,464,62.60%,Math,409
Hillside Arts and Letters Academy,Queens,464,62.60%,Reading,399
Hillside Arts and Letters Academy,Queens,464,62.60%,Writing,404
Holcombe L. Rucker School of Community Research,Bronx,236,59.00%,Math,376
Holcombe L. Rucker School of Community Research,Bronx,236,59.00%,Reading,372
Holcombe L. Rucker School of Community Research,Bronx,236,59.00%,Writing,369
Hostos-Lincoln Academy of Science,Bronx,544,80.00%,Math,463
Hostos-Lincoln Academy of Science,Bronx,544,80.00%,Reading,451
Hostos-Lincoln Academy of Science,Bronx,544,80.00%,Writing,435
Hudson High School of Learning Technologies,Manhattan,483,71.80%,Math,378
Hudson High School of Learning Technologies,Manhattan,483,71.80%,Reading,407
Hudson High School of Learning Technologies,Manhattan,483,71.80%,Writing,388
Humanities and Arts Magnet High School,Queens,525,60.20%,Math,384
Humanities and Arts Magnet High School,Queens,525,60.20%,Reading,409
Humanities and Arts Magnet High School,Queens,525,60.20%,Writing,401
In-Tech Academy,Bronx,1022,85.90%,Math,426
In-Tech Academy,Bronx,1022,85.90%,Reading,419
In-Tech Academy,Bronx,1022,85.90%,Writing,404
Information Technology High School,Queens,970,58.80%,Math,443
Information Technology High School,Queens,970,58.80%,Reading,420
Information Technology High School,Queens,970,58.80%,Writing,411
Institute for Collaborative Education,Manhattan,482,78.60%,Math,501
Institute for Collaborative Education,Manhattan,482,78.60%,Reading,550
Institute for Collaborative Education,Manhattan,482,78.60%,Writing,541
International Community High School,Bronx,463,58.20%,Math,345
International Community High School,Bronx,463,58.20%,Reading,338
International Community High School,Bronx,463,58.20%,Writing,312
International High School at Lafayette,Brooklyn,358,84.30%,Math,424
International High School at Lafayette,Brooklyn,358,84.30%,Reading,343
International High School at Lafayette,Brooklyn,358,84.30%,Writing,337
International High School at LaGuardia Community College,Queens,509,71.70%,Math,425
International High School at LaGuardia Community College,Queens,509,71.70%,Reading,367
International High School at LaGuardia Community College,Queens,509,71.70%,Writing,365
International High School at Prospect Heights,Brooklyn,414,81.70%,Math,344
International High School at Prospect Heights,Brooklyn,414,81.70%,Reading,302
International High School at Prospect Heights,Brooklyn,414,81.70%,Writing,300
International High School at Union Square,Manhattan,353,53.20%,Math,403
International High School at Union Square,Manhattan,353,53.20%,Reading,330
International High School at Union Square,Manhattan,353,53.20%,Writing,316
International School for Liberal Arts,Bronx,561,19.20%,Math,390
International School for Liberal Arts,Bronx,561,19.20%,Reading,387
International School for Liberal Arts,Bronx,561,19.20%,Writing,379
It Takes a Village Academy,Brooklyn,566,62.20%,Math,364
It Takes a Village Academy,Brooklyn,566,62.20%,Reading,374
It Takes a Village Academy,Brooklyn,566,62.20%,Writing,361
Jacqueline Kennedy Onassis High School,Manhattan,676,53.80%,Math,418
Jacqueline Kennedy Onassis High School,Manhattan,676,53.80%,Reading,422
Jacqueline Kennedy Onassis High School,Manhattan,676,53.80%,Writing,415
Jamaica Gateway to the Sciences,Queens,516,78.60%,Math,487
Jamaica Gateway to the Sciences,Queens,516,78.60%,Reading,460
Jamaica Gateway to the Sciences,Queens,516,78.60%,Writing,463
James Madison High School,Brooklyn,3088,69.00%,Math,492
James Madison High School,Brooklyn,3088,69.00%,Reading,450
James Madison High School,Brooklyn,3088,69.00%,Writing,444
John Adams High School,Queens,2634,38.40%,Math,418
John Adams High School,Queens,2634,38.40%,Reading,401
John Adams High School,Queens,2634,38.40%,Writing,395
John Bowne High School,Queens,3667,62.10%,Math,467
John Bowne High School,Queens,3667,62.10%,Reading,422
John Bowne High School,Queens,3667,62.10%,Writing,425
John Dewey High School,Brooklyn,2006,62.70%,Math,512
John Dewey High School,Brooklyn,2006,62.70%,Reading,418
John Dewey High School,Brooklyn,2006,62.70%,Writing,396
Juan Morel Campos Secondary School,Brooklyn,692,56.30%,Math,366
Juan Morel Campos Secondary School,Brooklyn,692,56.30%,Reading,356
Juan Morel Campos Secondary School,Brooklyn,692,56.30%,Writing,353
Kingsborough Early College School,Brooklyn,564,65.80%,Math,474
Kingsborough Early College School,Brooklyn,564,65.80%,Reading,462
Kingsborough Early College School,Brooklyn,564,65.80%,Writing,449
Kingsbridge International High School,Bronx,461,50.70%,Math,366
Kingsbridge International High School,Bronx,461,50.70%,Reading,311
Kingsbridge International High School,Bronx,461,50.70%,Writing,310
Knowledge and Power Preparatory Academy International High School (KAPPA),Bronx,487,66.70%,Math,408
Knowledge and Power Preparatory Academy International High School (KAPPA),Bronx,487,66.70%,Reading,417
Knowledge and Power Preparatory Academy International High School (KAPPA),Bronx,487,66.70%,Writing,404
Kurt Hahn Expeditionary Learning School,Brooklyn,341,72.60%,Math,378
Kurt Hahn Expeditionary Learning School,Brooklyn,341,72.60%,Reading,394
Kurt Hahn Expeditionary Learning School,Brooklyn,341,72.60%,Writing,388
Landmark High School,Manhattan,355,30.60%,Math,386
Landmark High School,Manhattan,355,30.60%,Reading,386
Landmark High School,Manhattan,355,30.60%,Writing,386
Leadership and Public Service High School,Manhattan,699,54.90%,Math,390
Leadership and Public Service High School,Manhattan,699,54.90%,Reading,396
Leadership and Public Service High School,Manhattan,699,54.90%,Writing,392
Leon M. Goldstein High School for the Sciences,Brooklyn,1081,94.00%,Math,563
Leon M. Goldstein High School for the Sciences,Brooklyn,1081,94.00%,Reading,534
Leon M. Goldstein High School for the Sciences,Brooklyn,1081,94.00%,Writing,543
Life Academy High School for Film and Music,Brooklyn,271,70.20%,Math,369
Life Academy High School for Film and Music,Brooklyn,271,70.20%,Reading,379
Life Academy High School for Film and Music,Brooklyn,271,70.20%,Writing,378
Life Sciences Secondary School,Manhattan,697,63.00%,Math,435
Life Sciences Secondary School,Manhattan,697,63.00%,Reading,440
Life Sciences Secondary School,Manhattan,697,63.00%,Writing,425
Long Island City High School,Queens,2123,51.60%,Math,430
Long Island City High School,Queens,2123,51.60%,Reading,423
Long Island City High School,Queens,2123,51.60%,Writing,412
Lower Manhattan Arts Academy,Manhattan,383,65.10%,Math,418
Lower Manhattan Arts Academy,Manhattan,383,65.10%,Reading,428
Lower Manhattan Arts Academy,Manhattan,383,65.10%,Writing,415
Lyons Community School,Brooklyn,520,56.30%,Math,374
Lyons Community School,Brooklyn,520,56.30%,Reading,376
Lyons Community School,Brooklyn,520,56.30%,Writing,357
Manhattan / Hunter Science High School,Manhattan,451,97.20%,Math,581
Manhattan / Hunter Science High School,Manhattan,451,97.20%,Reading,531
Manhattan / Hunter Science High School,Manhattan,451,97.20%,Writing,535
Manhattan Academy for Arts and Language,Manhattan,334,46.10%,Math,350
Manhattan Academy for Arts and Language,Manhattan,334,46.10%,Reading,334
Manhattan Academy for Arts and Language,Manhattan,334,46.10%,Writing,321
Manhattan Bridges High School,Manhattan,529,84.40%,Math,409
Manhattan Bridges High School,Manhattan,529,84.40%,Reading,360
Manhattan Bridges High School,Manhattan,529,84.40%,Writing,347
Manhattan Business Academy,Manhattan,438,69.70%,Math,410
Manhattan Business Academy,Manhattan,438,69.70%,Reading,407
Manhattan Business Academy,Manhattan,438,69.70%,Writing,399
Manhattan Center for Science and Mathematics,Manhattan,1603,87.60%,Math,556
Manhattan Center for Science and Mathematics,Manhattan,1603,87.60%,Reading,505
Manhattan Center for Science and Mathematics,Manhattan,1603,87.60%,Writing,495
Manhattan International High School,Manhattan,343,58.60%,Math,438
Manhattan International High School,Manhattan,343,58.60%,Reading,358
Manhattan International High School,Manhattan,343,58.60%,Writing,382
Manhattan Village Academy,Manhattan,415,98.80%,Math,522
Manhattan Village Academy,Manhattan,415,98.80%,Reading,479
Manhattan Village Academy,Manhattan,415,98.80%,Writing,510
Marble Hill High School for International Studies,Bronx,449,92.90%,Math,451
Marble Hill High School for International Studies,Bronx,449,92.90%,Reading,417
Marble Hill High School for International Studies,Bronx,449,92.90%,Writing,423
"Marie Curie School for Medicine, Nursing, and Health Professions",Bronx,583,68.60%,Math,423
"Marie Curie School for Medicine, Nursing, and Health Professions",Bronx,583,68.60%,Reading,420
"Marie Curie School for Medicine, Nursing, and Health Professions",Bronx,583,68.60%,Writing,425
Marta Valle High School,Manhattan,363,35.60%,Math,438
Marta Valle High School,Manhattan,363,35.60%,Reading,413
Marta Valle High School,Manhattan,363,35.60%,Writing,394
Martin Van Buren High School,Queens,1742,40.00%,Math,397
Martin Van Buren High School,Queens,1742,40.00%,Reading,396
Martin Van Buren High School,Queens,1742,40.00%,Writing,391
Maspeth High School,Queens,973,90.00%,Math,476
Maspeth High School,Queens,973,90.00%,Reading,471
Maspeth High School,Queens,973,90.00%,Writing,480
"Mathematics, Science Research, and Technology Magnet High School",Queens,433,54.90%,Math,380
"Mathematics, Science Research, and Technology Magnet High School",Queens,433,54.90%,Reading,418
"Mathematics, Science Research, and Technology Magnet High School",Queens,433,54.90%,Writing,388
Medgar Evers College Preparatory School,Brooklyn,1271,89.00%,Math,525
Medgar Evers College Preparatory School,Brooklyn,1271,89.00%,Reading,500
Medgar Evers College Preparatory School,Brooklyn,1271,89.00%,Writing,481
Metropolitan High School,Bronx,326,65.90%,Math,387
Metropolitan High School,Bronx,326,65.90%,Reading,388
Metropolitan High School,Bronx,326,65.90%,Writing,386
Metropolitan Soundview High School,Bronx,416,52.00%,Math,444
Metropolitan Soundview High School,Bronx,416,52.00%,Reading,428
Metropolitan Soundview High School,Bronx,416,52.00%,Writing,422
Michael J. Petrides School,Staten Island,1327,79.20%,Math,483
Michael J. Petrides School,Staten Island,1327,79.20%,Reading,473
Michael J. Petrides School,Staten Island,1327,79.20%,Writing,470
Middle College High School at LaGuardia Community College,Queens,514,48.70%,Math,377
Middle College High School at LaGuardia Community College,Queens,514,48.70%,Reading,389
Middle College High School at LaGuardia Community College,Queens,514,48.70%,Writing,377
Midwood High School,Brooklyn,3787,85.70%,Math,550
Midwood High School,Brooklyn,3787,85.70%,Reading,514
Midwood High School,Brooklyn,3787,85.70%,Writing,516
Millennium Art Academy,Bronx,487,39.20%,Math,396
Millennium Art Academy,Bronx,487,39.20%,Reading,413
Millennium Art Academy,Bronx,487,39.20%,Writing,395
Millennium Brooklyn High School,Brooklyn,566,79.60%,Math,553
Millennium Brooklyn High School,Brooklyn,566,79.60%,Reading,551
Millennium Brooklyn High School,Brooklyn,566,79.60%,Writing,539
Millennium High School,Manhattan,659,94.00%,Math,577
Millennium High School,Manhattan,659,94.00%,Reading,560
Millennium High School,Manhattan,659,94.00%,Writing,567
Monroe Academy for Visual Arts and Design,Bronx,445,46.80%,Math,361
Monroe Academy for Visual Arts and Design,Bronx,445,46.80%,Reading,354
Monroe Academy for Visual Arts and Design,Bronx,445,46.80%,Writing,351
Morris Academy for Collaborative Studies,Bronx,471,44.80%,Math,407
Morris Academy for Collaborative Studies,Bronx,471,44.80%,Reading,389
Morris Academy for Collaborative Studies,Bronx,471,44.80%,Writing,386
Mott Hall Bronx High School,Bronx,402,46.20%,Math,417
Mott Hall Bronx High School,Bronx,402,46.20%,Reading,399
Mott Hall Bronx High School,Bronx,402,46.20%,Writing,398
Mott Hall High School,Manhattan,428,36.90%,Math,416
Mott Hall High School,Manhattan,428,36.90%,Reading,445
Mott Hall High School,Manhattan,428,36.90%,Writing,440
Mott Hall V,Bronx,669,77.50%,Math,430
Mott Hall V,Bronx,669,77.50%,Reading,422
Mott Hall V,Bronx,669,77.50%,Writing,414
Mott Haven Village Preparatory High School,Bronx,364,44.90%,Math,377
Mott Haven Village Preparatory High School,Bronx,364,44.90%,Reading,373
Mott Haven Village Preparatory High School,Bronx,364,44.90%,Writing,369
Multicultural High School,Brooklyn,229,28.60%,Math,319
Multicultural High School,Brooklyn,229,28.60%,Reading,323
Multicultural High School,Brooklyn,229,28.60%,Writing,284
Murry Bergtraum High School for Business Careers,Manhattan,971,44.30%,Math,418
Murry Bergtraum High School for Business Careers,Manhattan,971,44.30%,Reading,415
Murry Bergtraum High School for Business Careers,Manhattan,971,44.30%,Writing,398
New Design High School,Manhattan,441,73.70%,Math,381
New Design High School,Manhattan,441,73.70%,Reading,396
New Design High School,Manhattan,441,73.70%,Writing,372
New Dorp High School,Staten Island,2791,63.70%,Math,454
New Dorp High School,Staten Island,2791,63.70%,Reading,446
New Dorp High School,Staten Island,2791,63.70%,Writing,444
"New Explorations into Science, Technology and Math High School",Manhattan,1735,91.00%,Math,657
"New Explorations into Science, Technology and Math High School",Manhattan,1735,91.00%,Reading,601
"New Explorations into Science, Technology and Math High School",Manhattan,1735,91.00%,Writing,601
New Explorers High School,Bronx,475,30.40%,Math,390
New Explorers High School,Bronx,475,30.40%,Reading,398
New Explorers High School,Bronx,475,30.40%,Writing,376
New Utrecht High School,Brooklyn,3480,63.20%,Math,488
New Utrecht High School,Brooklyn,3480,63.20%,Reading,422
New Utrecht High School,Brooklyn,3480,63.20%,Writing,417
New World High School,Bronx,408,93.00%,Math,407
New World High School,Bronx,408,93.00%,Reading,363
New World High School,Bronx,408,93.00%,Writing,358
Newcomers High School,Queens,993,47.10%,Math,490
Newcomers High School,Queens,993,47.10%,Reading,374
Newcomers High School,Queens,993,47.10%,Writing,381
Newtown High School,Queens,1921,39.10%,Math,434
Newtown High School,Queens,1921,39.10%,Reading,401
Newtown High School,Queens,1921,39.10%,Writing,389
NYC iSchool,Manhattan,442,96.00%,Math,518
NYC iSchool,Manhattan,442,96.00%,Reading,515
NYC iSchool,Manhattan,442,96.00%,Writing,503
NYC Lab School for Collaborative Studies,Manhattan,587,79.80%,Math,595
NYC Lab School for Collaborative Studies,Manhattan,587,79.80%,Reading,550
NYC Lab School for Collaborative Studies,Manhattan,587,79.80%,Writing,555
NYC Museum School,Manhattan,471,90.00%,Math,560
NYC Museum School,Manhattan,471,90.00%,Reading,530
NYC Museum School,Manhattan,471,90.00%,Writing,522
Pablo Neruda Academy,Bronx,315,44.20%,Math,394
Pablo Neruda Academy,Bronx,315,44.20%,Reading,384
Pablo Neruda Academy,Bronx,315,44.20%,Writing,383
Pace High School,Manhattan,423,87.80%,Math,430
Pace High School,Manhattan,423,87.80%,Reading,435
Pace High School,Manhattan,423,87.80%,Writing,427
Pan American International High School,Queens,378,31.90%,Math,340
Pan American International High School,Queens,378,31.90%,Reading,320
Pan American International High School,Queens,378,31.90%,Writing,318
Pan American International High School at Monroe,Bronx,428,65.60%,Math,317
Pan American International High School at Monroe,Bronx,428,65.60%,Reading,315
Pan American International High School at Monroe,Bronx,428,65.60%,Writing,292
Park East High School,Manhattan,413,89.60%,Math,429
Park East High School,Manhattan,413,89.60%,Reading,433
Park East High School,Manhattan,413,89.60%,Writing,435
Park Slope Collegiate,Brooklyn,423,59.60%,Math,405
Park Slope Collegiate,Brooklyn,423,59.60%,Reading,377
Park Slope Collegiate,Brooklyn,423,59.60%,Writing,395
Pathways College Preparatory School (College Board),Queens,599,72.40%,Math,405
Pathways College Preparatory School (College Board),Queens,599,72.40%,Reading,427
Pathways College Preparatory School (College Board),Queens,599,72.40%,Writing,409
Pathways in Technology Early College High School,Brooklyn,438,69.40%,Math,446
Pathways in Technology Early College High School,Brooklyn,438,69.40%,Reading,442
Pathways in Technology Early College High School,Brooklyn,438,69.40%,Writing,410
Peace and Diversity Academy,Bronx,170,27.10%,Math,366
Peace and Diversity Academy,Bronx,170,27.10%,Reading,362
Peace and Diversity Academy,Bronx,170,27.10%,Writing,365
Pelham Preparatory Academy,Bronx,489,77.00%,Math,420
Pelham Preparatory Academy,Bronx,489,77.00%,Reading,433
Pelham Preparatory Academy,Bronx,489,77.00%,Writing,425
Performing Arts and Technology High School,Brooklyn,406,39.80%,Math,375
Performing Arts and Technology High School,Brooklyn,406,39.80%,Reading,393
Performing Arts and Technology High School,Brooklyn,406,39.80%,Writing,394
Port Richmond High School,Staten Island,1628,44.60%,Math,432
Port Richmond High School,Staten Island,1628,44.60%,Reading,427
Port Richmond High School,Staten Island,1628,44.60%,Writing,425
Preparatory Academy for Writers (College Board),Queens,552,69.50%,Math,398
Preparatory Academy for Writers (College Board),Queens,552,69.50%,Reading,410
Preparatory Academy for Writers (College Board),Queens,552,69.50%,Writing,393
Professional Performing Arts High School,Manhattan,536,72.20%,Math,496
Professional Performing Arts High School,Manhattan,536,72.20%,Reading,520
Professional Performing Arts High School,Manhattan,536,72.20%,Writing,516
PROGRESS High School for Professional Careers,Brooklyn,1098,44.90%,Math,380
PROGRESS High School for Professional Careers,Brooklyn,1098,44.90%,Reading,377
PROGRESS High School for Professional Careers,Brooklyn,1098,44.90%,Writing,384
Queens Collegiate (College Board),Queens,661,74.80%,Math,455
Queens Collegiate (College Board),Queens,661,74.80%,Reading,439
Queens Collegiate (College Board),Queens,661,74.80%,Writing,441
Queens Gateway to Health Sciences Secondary School,Queens,779,92.50%,Math,524
Queens Gateway to Health Sciences Secondary School,Queens,779,92.50%,Reading,511
Queens Gateway to Health Sciences Secondary School,Queens,779,92.50%,Writing,514
"Queens High School for Information, Research, and Technology",Queens,381,44.60%,Math,372
"Queens High School for Information, Research, and Technology",Queens,381,44.60%,Reading,362
"Queens High School for Information, Research, and Technology",Queens,381,44.60%,Writing,352
Queens High School for the Sciences at York College,Queens,426,97.90%,Math,701
Queens High School for the Sciences at York College,Queens,426,97.90%,Reading,621
Queens High School for the Sciences at York College,Queens,426,97.90%,Writing,625
"Queens High School of Teaching, Liberal Arts, and the Sciences",Queens,1120,72.40%,Math,453
"Queens High School of Teaching, Liberal Arts, and the Sciences",Queens,1120,72.40%,Reading,434
"Queens High School of Teaching, Liberal Arts, and the Sciences",Queens,1120,72.40%,Writing,439
Queens Metropolitan High School,Queens,1035,76.40%,Math,460
Queens Metropolitan High School,Queens,1035,76.40%,Reading,448
Queens Metropolitan High School,Queens,1035,76.40%,Writing,449
Queens Preparatory Academy,Queens,492,83.70%,Math,423
Queens Preparatory Academy,Queens,492,83.70%,Reading,422
Queens Preparatory Academy,Queens,492,83.70%,Writing,403
Queens School of Inquiry,Queens,557,88.20%,Math,516
Queens School of Inquiry,Queens,557,88.20%,Reading,493
Queens School of Inquiry,Queens,557,88.20%,Writing,486
Queens Vocational and Technical High School,Queens,1553,53.40%,Math,467
Queens Vocational and Technical High School,Queens,1553,53.40%,Reading,436
Queens Vocational and Technical High School,Queens,1553,53.40%,Writing,432
Rachel Carson High School for Coastal Studies,Brooklyn,560,68.40%,Math,436
Rachel Carson High School for Coastal Studies,Brooklyn,560,68.40%,Reading,430
Rachel Carson High School for Coastal Studies,Brooklyn,560,68.40%,Writing,421
Ralph R. McKee Career and Technical Education High School,Staten Island,624,38.00%,Math,420
Ralph R. McKee Career and Technical Education High School,Staten Island,624,38.00%,Reading,429
Ralph R. McKee Career and Technical Education High School,Staten Island,624,38.00%,Writing,409
Renaissance High School for Musical Theater and Technology,Bronx,444,52.30%,Math,390
Renaissance High School for Musical Theater and Technology,Bronx,444,52.30%,Reading,411
Renaissance High School for Musical Theater and Technology,Bronx,444,52.30%,Writing,393
Repertory Company High School for Theatre Arts,Manhattan,246,89.50%,Math,425
Repertory Company High School for Theatre Arts,Manhattan,246,89.50%,Reading,451
Repertory Company High School for Theatre Arts,Manhattan,246,89.50%,Writing,458
Richard R. Green High School of Teaching,Manhattan,566,60.00%,Math,411
Richard R. Green High School of Teaching,Manhattan,566,60.00%,Reading,415
Richard R. Green High School of Teaching,Manhattan,566,60.00%,Writing,409
Richmond Hill High School,Queens,2175,37.90%,Math,413
Richmond Hill High School,Queens,2175,37.90%,Reading,406
Richmond Hill High School,Queens,2175,37.90%,Writing,399
Riverdale/Kingsbridge Academy,Bronx,1381,69.40%,Math,496
Riverdale/Kingsbridge Academy,Bronx,1381,69.40%,Reading,485
Riverdale/Kingsbridge Academy,Bronx,1381,69.40%,Writing,476
Robert F. Kennedy Community High School,Queens,701,67.30%,Math,460
Robert F. Kennedy Community High School,Queens,701,67.30%,Reading,426
Robert F. Kennedy Community High School,Queens,701,67.30%,Writing,423
Robert F. Wagner Jr. Secondary School for Arts and Technology,Queens,610,71.10%,Math,478
Robert F. Wagner Jr. Secondary School for Arts and Technology,Queens,610,71.10%,Reading,445
Robert F. Wagner Jr. Secondary School for Arts and Technology,Queens,610,71.10%,Writing,445
Robert H. Goddard High School of Communication Arts and Technology,Queens,602,85.10%,Math,426
Robert H. Goddard High School of Communication Arts and Technology,Queens,602,85.10%,Reading,435
Robert H. Goddard High School of Communication Arts and Technology,Queens,602,85.10%,Writing,424
Rockaway Collegiate High School,Queens,397,46.50%,Math,399
Rockaway Collegiate High School,Queens,397,46.50%,Reading,403
Rockaway Collegiate High School,Queens,397,46.50%,Writing,405
Rockaway Park High School for Environmental Sustainability,Queens,368,38.50%,Math,357
Rockaway Park High School for Environmental Sustainability,Queens,368,38.50%,Reading,381
Rockaway Park High School for Environmental Sustainability,Queens,368,38.50%,Writing,376
Scholars' Academy,Queens,1302,99.20%,Math,588
Scholars' Academy,Queens,1302,99.20%,Reading,560
Scholars' Academy,Queens,1302,99.20%,Writing,568
"School for Classics: An Academy of Thinkers, Writers, and Performers",Brooklyn,308,52.80%,Math,387
"School for Classics: An Academy of Thinkers, Writers, and Performers",Brooklyn,308,52.80%,Reading,391
"School for Classics: An Academy of Thinkers, Writers, and Performers",Brooklyn,308,52.80%,Writing,383
School for Democracy and Leadership,Brooklyn,319,53.50%,Math,386
School for Democracy and Leadership,Brooklyn,319,53.50%,Reading,385
School for Democracy and Leadership,Brooklyn,319,53.50%,Writing,390
School for Excellence,Bronx,421,38.40%,Math,377
School for Excellence,Bronx,421,38.40%,Reading,385
School for Excellence,Bronx,421,38.40%,Writing,383
School for Human Rights,Brooklyn,424,60.80%,Math,398
School for Human Rights,Brooklyn,424,60.80%,Reading,411
School for Human Rights,Brooklyn,424,60.80%,Writing,400
School for International Studies,Brooklyn,466,65.10%,Math,417
School for International Studies,Brooklyn,466,65.10%,Reading,406
School for International Studies,Brooklyn,466,65.10%,Writing,394
School for Legal Studies,Brooklyn,598,34.80%,Math,393
School for Legal Studies,Brooklyn,598,34.80%,Reading,390
School for Legal Studies,Brooklyn,598,34.80%,Writing,394
School of the Future High School,Manhattan,713,89.90%,Math,534
School of the Future High School,Manhattan,713,89.90%,Reading,533
School of the Future High School,Manhattan,713,89.90%,Writing,522
"Science Skills Center High School for Science, Technology, and the Creative Arts",Brooklyn,528,65.90%,Math,399
"Science Skills Center High School for Science, Technology, and the Creative Arts",Brooklyn,528,65.90%,Reading,397
"Science Skills Center High School for Science, Technology, and the Creative Arts",Brooklyn,528,65.90%,Writing,386
"Science, Technology, and Research Early College High School at Erasmus",Brooklyn,516,91.50%,Math,496
"Science, Technology, and Research Early College High School at Erasmus",Brooklyn,516,91.50%,Reading,491
"Science, Technology, and Research Early College High School at Erasmus",Brooklyn,516,91.50%,Writing,484
Secondary School for Journalism,Brooklyn,285,58.80%,Math,408
Secondary School for Journalism,Brooklyn,285,58.80%,Reading,435
Secondary School for Journalism,Brooklyn,285,58.80%,Writing,415
Secondary School for Law,Brooklyn,351,74.70%,Math,420
Secondary School for Law,Brooklyn,351,74.70%,Reading,424
Secondary School for Law,Brooklyn,351,74.70%,Writing,414
South Bronx Preparatory (College Board),Bronx,654,76.90%,Math,419
South Bronx Preparatory (College Board),Bronx,654,76.90%,Reading,414
South Bronx Preparatory (College Board),Bronx,654,76.90%,Writing,394
Staten Island Technical High School,Staten Island,1247,99.70%,Math,711
Staten Island Technical High School,Staten Island,1247,99.70%,Reading,660
Staten Island Technical High School,Staten Island,1247,99.70%,Writing,670
Stuyvesant High School,Manhattan,3296,97.40%,Math,754
Stuyvesant High School,Manhattan,3296,97.40%,Reading,697
Stuyvesant High School,Manhattan,3296,97.40%,Writing,693
Sunset Park High School,Brooklyn,1333,61.60%,Math,398
Sunset Park High School,Brooklyn,1333,61.60%,Reading,380
Sunset Park High School,Brooklyn,1333,61.60%,Writing,381
Susan E. Wagner High School,Staten Island,3363,66.30%,Math,496
Susan E. Wagner High School,Staten Island,3363,66.30%,Reading,490
Susan E. Wagner High School,Staten Island,3363,66.30%,Writing,487
Talent Unlimited High School,Manhattan,506,89.30%,Math,485
Talent Unlimited High School,Manhattan,506,89.30%,Reading,498
Talent Unlimited High School,Manhattan,506,89.30%,Writing,496
Teachers Preparatory High School,Brooklyn,390,56.60%,Math,394
Teachers Preparatory High School,Brooklyn,390,56.60%,Reading,399
Teachers Preparatory High School,Brooklyn,390,56.60%,Writing,412
Theatre Arts Production Company School,Bronx,632,77.70%,Math,402
Theatre Arts Production Company School,Bronx,632,77.70%,Reading,421
Theatre Arts Production Company School,Bronx,632,77.70%,Writing,410
Thomas A. Edison Career and Technical Education High School,Queens,2098,80.00%,Math,514
Thomas A. Edison Career and Technical Education High School,Queens,2098,80.00%,Reading,473
Thomas A. Edison Career and Technical Education High School,Queens,2098,80.00%,Writing,470
Thurgood Marshall Academy for Learning and Social Change,Manhattan,561,84.70%,Math,402
Thurgood Marshall Academy for Learning and Social Change,Manhattan,561,84.70%,Reading,394
Thurgood Marshall Academy for Learning and Social Change,Manhattan,561,84.70%,Writing,400
Tottenville High School,Staten Island,3982,78.90%,Math,494
Tottenville High School,Staten Island,3982,78.90%,Reading,476
Tottenville High School,Staten Island,3982,78.90%,Writing,476
Townsend Harris High School,Queens,1132,97.10%,Math,680
Townsend Harris High School,Queens,1132,97.10%,Reading,640
Townsend Harris High School,Queens,1132,97.10%,Writing,661
Transit Tech Career and Technical Education High School,Brooklyn,1093,37.20%,Math,387
Transit Tech Career and Technical Education High School,Brooklyn,1093,37.20%,Reading,387
Transit Tech Career and Technical Education High School,Brooklyn,1093,37.20%,Writing,384
Unity Center for Urban Technologies,Manhattan,284,62.80%,Math,375
Unity Center for Urban Technologies,Manhattan,284,62.80%,Reading,385
Unity Center for Urban Technologies,Manhattan,284,62.80%,Writing,387
University Heights Secondary School,Bronx,486,87.80%,Math,420
University Heights Secondary School,Bronx,486,87.80%,Reading,446
University Heights Secondary School,Bronx,486,87.80%,Writing,424
University Neighborhood High School,Manhattan,304,69.90%,Math,437
University Neighborhood High School,Manhattan,304,69.90%,Reading,355
University Neighborhood High School,Manhattan,304,69.90%,Writing,352
Urban Action Academy,Brooklyn,309,44.90%,Math,362
Urban Action Academy,Brooklyn,309,44.90%,Reading,396
Urban Action Academy,Brooklyn,309,44.90%,Writing,393
Urban Assembly Academy of Government and Law,Manhattan,329,80.80%,Math,389
Urban Assembly Academy of Government and Law,Manhattan,329,80.80%,Reading,395
Urban Assembly Academy of Government and Law,Manhattan,329,80.80%,Writing,381
Urban Assembly Bronx Academy of Letters,Bronx,591,57.80%,Math,398
Urban Assembly Bronx Academy of Letters,Bronx,591,57.80%,Reading,400
Urban Assembly Bronx Academy of Letters,Bronx,591,57.80%,Writing,405
Urban Assembly Gateway School for Technology,Manhattan,472,78.40%,Math,445
Urban Assembly Gateway School for Technology,Manhattan,472,78.40%,Reading,432
Urban Assembly Gateway School for Technology,Manhattan,472,78.40%,Writing,415
Urban Assembly High School of Music and Art,Brooklyn,387,55.10%,Math,372
Urban Assembly High School of Music and Art,Brooklyn,387,55.10%,Reading,372
Urban Assembly High School of Music and Art,Brooklyn,387,55.10%,Writing,361
Urban Assembly Institute of Math and Science for Young Women,Brooklyn,470,82.40%,Math,397
Urban Assembly Institute of Math and Science for Young Women,Brooklyn,470,82.40%,Reading,415
Urban Assembly Institute of Math and Science for Young Women,Brooklyn,470,82.40%,Writing,407
Urban Assembly New York Harbor School,Manhattan,447,78.80%,Math,446
Urban Assembly New York Harbor School,Manhattan,447,78.80%,Reading,453
Urban Assembly New York Harbor School,Manhattan,447,78.80%,Writing,428
Urban Assembly School for Applied Math and Science,Bronx,619,87.80%,Math,445
Urban Assembly School for Applied Math and Science,Bronx,619,87.80%,Reading,418
Urban Assembly School for Applied Math and Science,Bronx,619,87.80%,Writing,422
Urban Assembly School for Careers in Sports,Bronx,587,55.50%,Math,402
Urban Assembly School for Careers in Sports,Bronx,587,55.50%,Reading,405
Urban Assembly School for Careers in Sports,Bronx,587,55.50%,Writing,395
Urban Assembly School for Criminal Justice,Brooklyn,496,83.60%,Math,428
Urban Assembly School for Criminal Justice,Brooklyn,496,83.60%,Reading,413
Urban Assembly School for Criminal Justice,Brooklyn,496,83.60%,Writing,417
Urban Assembly School for Green Careers,Manhattan,353,60.00%,Math,393
Urban Assembly School for Green Careers,Manhattan,353,60.00%,Reading,371
Urban Assembly School for Green Careers,Manhattan,353,60.00%,Writing,378
Urban Assembly School for Law and Justice,Brooklyn,448,87.60%,Math,446
Urban Assembly School for Law and Justice,Brooklyn,448,87.60%,Reading,443
Urban Assembly School for Law and Justice,Brooklyn,448,87.60%,Writing,430
Urban Assembly School for Media Studies,Manhattan,412,49.50%,Math,392
Urban Assembly School for Media Studies,Manhattan,412,49.50%,Reading,419
Urban Assembly School for Media Studies,Manhattan,412,49.50%,Writing,396
Urban Assembly School for the Performing Arts,Manhattan,358,76.70%,Math,379
Urban Assembly School for the Performing Arts,Manhattan,358,76.70%,Reading,399
Urban Assembly School for the Performing Arts,Manhattan,358,76.70%,Writing,388
Urban Assembly School for Wildlife Conservation,Bronx,571,71.10%,Math,393
Urban Assembly School for Wildlife Conservation,Bronx,571,71.10%,Reading,397
Urban Assembly School for Wildlife Conservation,Bronx,571,71.10%,Writing,379
Urban Assembly School of Business for Young Women,Manhattan,405,75.00%,Math,418
Urban Assembly School of Business for Young Women,Manhattan,405,75.00%,Reading,420
Urban Assembly School of Business for Young Women,Manhattan,405,75.00%,Writing,417
Urban Assembly School of Design and Construction,Manhattan,414,60.60%,Math,445
Urban Assembly School of Design and Construction,Manhattan,414,60.60%,Reading,417
Urban Assembly School of Design and Construction,Manhattan,414,60.60%,Writing,403
Validus Preparatory Academy: An Expeditionary Learning School,Bronx,375,59.20%,Math,382
Validus Preparatory Academy: An Expeditionary Learning School,Bronx,375,59.20%,Reading,375
Validus Preparatory Academy: An Expeditionary Learning School,Bronx,375,59.20%,Writing,384
Vanguard High School,Manhattan,486,63.80%,Math,431
Vanguard High School,Manhattan,486,63.80%,Reading,409
Vanguard High School,Manhattan,486,63.80%,Writing,396
Victory Collegiate High School,Brooklyn,331,72.70%,Math,386
Victory Collegiate High School,Brooklyn,331,72.70%,Reading,408
Victory Collegiate High School,Brooklyn,331,72.70%,Writing,402
W. H. Maxwell Career and Technical Education High School,Brooklyn,506,38.50%,Math,326
W. H. Maxwell Career and Technical Education High School,Brooklyn,506,38.50%,Reading,333
W. H. Maxwell Career and Technical Education High School,Brooklyn,506,38.50%,Writing,350
Wadleigh Secondary School for the Performing and Visual Arts,Manhattan,445,52.60%,Math,381
Wadleigh Secondary School for the Performing and Visual Arts,Manhattan,445,52.60%,Reading,401
Wadleigh Secondary School for the Performing and Visual Arts,Manhattan,445,52.60%,Writing,392
Washington Heights Expeditionary Learning School,Manhattan,705,87.00%,Math,443
Washington Heights Expeditionary Learning School,Manhattan,705,87.00%,Reading,423
Washington Heights Expeditionary Learning School,Manhattan,705,87.00%,Writing,434
West Bronx Academy for the Future,Bronx,599,57.30%,Math,404
West Bronx Academy for the Future,Bronx,599,57.30%,Reading,383
West Bronx Academy for the Future,Bronx,599,57.30%,Writing,378
William Cullen Bryant High School,Queens,2496,56.90%,Math,466
William Cullen Bryant High School,Queens,2496,56.90%,Reading,424
William Cullen Bryant High School,Queens,2496,56.90%,Writing,426
William E. Grady Career and Technical Education High School,Brooklyn,613,31.40%,Math,416
William E. Grady Career and Technical Education High School,Brooklyn,613,31.40%,Reading,423
William E. Grady Career and Technical Education High School,Brooklyn,613,31.40%,Writing,387
Williamsburg High School for Architecture and Design,Brooklyn,595,60.10%,Math,415
Williamsburg High School for Architecture and Design,Brooklyn,595,60.10%,Reading,424
Williamsburg High School for Architecture and Design,Brooklyn,595,60.10%,Writing,407
Williamsburg Preparatory School,Brooklyn,682,87.80%,Math,443
Williamsburg Preparatory School,Brooklyn,682,87.80%,Reading,440
Williamsburg Preparatory School,Brooklyn,682,87.80%,Writing,430
Wings Academy,Bronx,501,49.20%,Math,379
Wings Academy,Bronx,501,49.20%,Reading,372
Wings Academy,Bronx,501,49.20%,Writing,373
Women's Academy of Excellence,Bronx,345,45.20%,Math,386
Women's Academy of Excellence,Bronx,345,45.20%,Reading,390
Women's Academy of Excellence,Bronx,345,45.20%,Writing,389
World Academy for Total Community Health High School,Brooklyn,284,40.90%,Math,380
World Academy for Total Community Health High School,Brooklyn,284,40.90%,Reading,389
World Academy for Total Community Health High School,Brooklyn,284,40.90%,Writing,384
World Journalism Preparatory (College Board),Queens,610,89.20%,Math,484
World Journalism Preparatory (College Board),Queens,610,89.20%,Reading,491
World Journalism Preparatory (College Board),Queens,610,89.20%,Writing,487
York Early College Academy,Queens,611,92.90%,Math,496
York Early College Academy,Queens,611,92.90%,Reading,481
York Early College Academy,Queens,611,92.90%,Writing,473
Young Women's Leadership School,Manhattan,480,100.00%,Math,478
Young Women's Leadership School,Manhattan,480,100.00%,Reading,465
Young Women's Leadership School,Manhattan,480,100.00%,Writing,472
Young Women's Leadership School in Astoria,Queens,572,100.00%,Math,483
Young Women's Leadership School in Astoria,Queens,572,100.00%,Reading,464
Young Women's Leadership School in Astoria,Queens,572,100.00%,Writing,477
Young Women's Leadership School in Queens,Queens,557,90.40%,Math,415
Young Women's Leadership School in Queens,Queens,557,90.40%,Reading,420
Young Women's Leadership School in Queens,Queens,557,90.40%,Writing,433